{"app":["/app-9e0fa51bbefc95f1aa0e.js"],"component---src-templates-post-js":["/component---src-templates-post-js.1089c85a597e70ce2ac9.css","/component---src-templates-post-js-93c0dc5f7e27905d3738.js"],"component---src-pages-404-js":["/component---src-pages-404-js.1089c85a597e70ce2ac9.css","/component---src-pages-404-js-8c2c9478f8ccfe7da05d.js"],"component---src-pages-index-js":["/component---src-pages-index-js.1089c85a597e70ce2ac9.css","/component---src-pages-index-js-7e9019c6be19e2b8076a.js"],"component---src-pages-page-2-js":["/component---src-pages-page-2-js.1089c85a597e70ce2ac9.css","/component---src-pages-page-2-js-e5cbe1a09f64cd5005bb.js"],"pages-manifest":["/pages-manifest-6df9a20b8025e7c9b730.js"]}