{"errors":[],"warnings":[],"namedChunkGroups":{"app":{"chunks":[7,1],"assets":["webpack-runtime-2bf17b20e410f6e35f6c.js","webpack-runtime-2bf17b20e410f6e35f6c.js.map","app-9e0fa51bbefc95f1aa0e.js","app-9e0fa51bbefc95f1aa0e.js.map"],"children":{},"childAssets":{}},"component---src-templates-post-js":{"chunks":[0,5],"assets":["0-cc55b31c230a7b12e76f.js","0-cc55b31c230a7b12e76f.js.map","component---src-templates-post-js.1089c85a597e70ce2ac9.css","component---src-templates-post-js-93c0dc5f7e27905d3738.js","component---src-templates-post-js-93c0dc5f7e27905d3738.js.map"],"children":{},"childAssets":{}},"component---src-pages-404-js":{"chunks":[0,2],"assets":["0-cc55b31c230a7b12e76f.js","0-cc55b31c230a7b12e76f.js.map","component---src-pages-404-js.1089c85a597e70ce2ac9.css","component---src-pages-404-js-8c2c9478f8ccfe7da05d.js","component---src-pages-404-js-8c2c9478f8ccfe7da05d.js.map"],"children":{},"childAssets":{}},"component---src-pages-index-js":{"chunks":[0,3],"assets":["0-cc55b31c230a7b12e76f.js","0-cc55b31c230a7b12e76f.js.map","component---src-pages-index-js.1089c85a597e70ce2ac9.css","component---src-pages-index-js-7e9019c6be19e2b8076a.js","component---src-pages-index-js-7e9019c6be19e2b8076a.js.map"],"children":{},"childAssets":{}},"component---src-pages-page-2-js":{"chunks":[0,4],"assets":["0-cc55b31c230a7b12e76f.js","0-cc55b31c230a7b12e76f.js.map","component---src-pages-page-2-js.1089c85a597e70ce2ac9.css","component---src-pages-page-2-js-e5cbe1a09f64cd5005bb.js","component---src-pages-page-2-js-e5cbe1a09f64cd5005bb.js.map"],"children":{},"childAssets":{}},"pages-manifest":{"chunks":[6],"assets":["pages-manifest-6df9a20b8025e7c9b730.js","pages-manifest-6df9a20b8025e7c9b730.js.map"],"children":{},"childAssets":{}}},"assetsByChunkName":{"app":["webpack-runtime-2bf17b20e410f6e35f6c.js","app-9e0fa51bbefc95f1aa0e.js"],"component---src-templates-post-js":["0-cc55b31c230a7b12e76f.js","component---src-templates-post-js.1089c85a597e70ce2ac9.css","component---src-templates-post-js-93c0dc5f7e27905d3738.js"],"component---src-pages-404-js":["0-cc55b31c230a7b12e76f.js","component---src-pages-404-js.1089c85a597e70ce2ac9.css","component---src-pages-404-js-8c2c9478f8ccfe7da05d.js"],"component---src-pages-index-js":["0-cc55b31c230a7b12e76f.js","component---src-pages-index-js.1089c85a597e70ce2ac9.css","component---src-pages-index-js-7e9019c6be19e2b8076a.js"],"component---src-pages-page-2-js":["0-cc55b31c230a7b12e76f.js","component---src-pages-page-2-js.1089c85a597e70ce2ac9.css","component---src-pages-page-2-js-e5cbe1a09f64cd5005bb.js"],"pages-manifest":["pages-manifest-6df9a20b8025e7c9b730.js"]}}